{"cameraMode":{"drawMode":0,"name":"Shaded","section":"Shading Mode"},"sceneLighting":false,"audioPlay":false,"sceneViewState":{"m_AlwaysRefresh":false,"showFog":true,"showSkybox":false,"showFlares":true,"showImageEffects":true,"showParticleSystems":true,"showVisualEffectGraphs":true,"m_FxEnabled":true},"in2DMode":false,"pivot":{"x":-0.09747054427862168,"y":-0.15487068891525269,"z":-0.02873516082763672},"rotation":{"x":-0.012232295237481594,"y":0.00891945417970419,"z":-0.0001022940268740058,"w":-0.9998893737792969},"size":0.6580585241317749,"orthographic":false}